Clueso|Cluster|Clutch|Clyde Bawden|Clyde Beavers|Clyde Bramley|Clyde Brown|Clyde Carson|Clyde Grimes, Jr.|Clyde Isolm|Clyde McPhatter|Clyde Stacy|Clyde Watson|Clydie King|CMA|CMC$|CMW|CMX|CNBLUE|CNBLUE|CNBLUE|CNBLUE|CNBLUE|CNCO|CNCO & Little Mix|CNCO & Yandel|CNN (Capone-N-Noreaga)|Cnote|Co|Co Campbell|Co Ro|Co Starz|Co-Ed|Co-Ed|Co-Ed|Co-Still|CO3|Coal Chamber|Coalesce|Coalo Zamorano|The Coasters|Coasts|Coasts|The Coathangers|Coati Mundi|Cobalt|Cobalt Stargazer|Cobi|Cobie Smulders|Cobra Ramone|