Ice Dog|Ice MC|Ice Mizzle|Ice Nine Kills|Ice Prince|Ice The Don|Ice-T|Iceage|Iceberg|Iceburg|Iced Earth|Icehouse|Icehunt|Iceland Symphony Orchestra|Icepick|The Icepick|Icewater|Icewear Vezzo|Icey Jaye|ICF|Ich + Ich|Ichiro Toba|Icicle Works|Icky Blossoms|Icon|Icon for Hire|Icona Pop|Iconiq|Iconoclast|Iconz|ICR|ICS|Icy Blu|iD|Ida|Ida Corr|Ida Corr Vs Fedde Le Grand|Ida Engberg|iDA HAWK|Ida Kavafian|Ida Maria|Ida Paul|Idale La Dulce Mordida|Idalis DeLeon|Idan Raichel|Idania Valdes|Idar Burheim|Ideal|Ideal|Ideal|