Kevin Martin|Kevin Martin|Kevin Martin|Kevin Matisyn|Kevin Max|Kevin Max Smith|Kevin McAdams|Kevin McCall|Kevin McCarthy|Kevin McClain|Kevin McCoy|Kevin McCreery|Kevin McFadden|Kevin McHale|Kevin McKidd|Kevin McKidd/Ray Stevenson|Kevin Michael|Kevin Miller|Kevin Mills|Kevin Montana|Kevin Moore|Kevin Moore|Kevin Morby|Kevin Morse|Kevin Mulligan|Kevin Murphy|Kevin Murphy|Kevin Nance|Kevin Nonnan|Kevin O'Brien|Kevin O'Neal|Kevin O'Neil|Kevin O'Toole|Kevin Ortiz|Kevin Owens|Kevin Page|Kevin Paige|Kevin Palmer|Kevin Parent|Kevin Parker|Kevin Patricks|Kevin Pauls|Kevin Pearce|Kevin Peek|Kevin Pollak|Kevin Pousch|Kevin Quinn|Kevin Quirion|Kevin Raleigh|Kevin Rampelberg|