Paul Niedermier|Paul Niehaus|Paul Noonan|Paul O'Dette|Paul O'Shaughnessy|Paul O'Toole|Paul Oakenfold|Paul Ott|Paul Ottinger|Paul Otway|Paul Overstreet|Paul Owens|Paul Parker|Paul Peek|Paul Pesco|Paul Petersen|Paul Peterson|Paul Pfau|Paul Phillip|Paul Phillips|Paul Piché|Paul Pilnick|Paul Plishka|Paul Porter|Paul Potash|Paul Potts|Paul Proctor|Paul Quinn|Paul Quinn|Paul Raven|Paul Raven|Paul Raymond|Paul Reed|Paul Reid|Paul Remund|Paul Revelli|Paul Revere|Paul Revere & the Raiders|Paul Reynolds|Paul Rhodes|Paul Rhys|Paul Riddle|Paul Riordan|Paul Riser|Paul Ritch|Paul Ritchie|Paul Robb|Paul Roberts|Paul Robeson|Paul Robi|