Various Artists|Various Artists (Lombard)|Various Cruelties|Varsity Fanclub|Värttinä|Varujan Kojian|Vas|Vasco Rossi|The Vaselines|Vashawn Mitchell|Vasilikos|Vasilis Dimas|Vasilis Karras|Vasilis Papakonstantinou|Vasily Petrenko|Vassar Clements|Vassilikos|Vassilis Karras|Vassilis Tsabropoulos|Vassy|Vassy Karagiorgos|VAST|Vast Aire|Vastago Epicentro|Vato Gonzales|Vattnet Viskar|Vaughaligan Walwyn|Vaughan|Vaughan Brothers|Vaughan Mason & Butch Dayo|Vaughan Mason And Crew|Vaughan Phoenix|Vaughn Mason|Vaughn Monroe|Vaughn Willis|Vaults|Vaux|VAVA & Ty.|Vawn|Vaxel-Calle|Vaya Con Dios|VAZ|Vazquez|Vazquez Sounds|VButterfly|vChenay|VCMG|VCO|Vector Burn|Veda Brown|