Cooper Alan|Cooper Brothers|Cooper Lee|Cooper McBean|Coosje Smid|Cooter Brown|Cooter Daniel|Copa Cat Pack|Copeland|Copenhagen Philharmonic|Copperfield Brass|Copyright|Copywrite|Cor De La Generalitat Valenciana|Cor Madrigal|The Coral|Coral Voces Blancas|Corb Lund|Corbette Jackson|Corbi Dyann|Corbin|Corbin Bernsen|Corbin Bleu|Corbin Bleu/Keke Palmer|Corbin Bleu/Monique Coleman|Corbin Hanner|Corbin/Hanner|Corbin/Hanner|Corbin/Hanner|Cord of 3|Cordell Brown|Cordell Crockett|Cordell Mosson|Core Cotton|CORE ONE|CORE ONE|CORE ONE|CORE ONE|Corenell|Coréon Dú|Corey|Corey Andrew|Corey Barhorst|Corey Barksdale|Corey Beaulieu|Corey Britz|Corey C|Corey Clark|Corey DiMario|Corey Edelmann|