Ceo-J|Ceoltoiri|Ceoltoiri Celtic Ensemble|Cephalic Carnage|Cephas & Wiggins|Ceredwen|Ceremony|Ceri James|Cero|Cerrito|Cerrone|Ces Cru|Cesar Abreu|Cesar Lopez|Cesar Lopez|Cesar Menotti & Fabiano|Cesar Millan|César Monges|Cesar Pkiego|Cesar Pliego|César Ramallo|Cesar Rosas|César Ruelas|César Vidal|Cesar Zuiderwijk|Cesare|Cesare Cremonini|Cesare Siepi|Cesária Évora|Ceschi|Cetu Javu|Céu|Cevin Fisher|cEvin Key|Ceybil|Ceybil Jefferies|Ceylan Ertem Official|Ceza|CF|CFCF|Cfo|CFO$|CG|Ch!pz|Cha Burns|Cha Cha|Cha!|Chab|Chacal|Chaçal|