Douglas Sabolick|Douglas Sabolick|Douglas Spain|Douglas Spotted Eagle|Dougray Scott|Dougy From The Temper Trap|Dougy Mandagi|Douwe Bob|Dove Cameron|The Dove Shack|The Dovells|Dover|Dover Quartet|Doves|Dovetail Joint|Down|Down A.K.A. Kilo|Down aka Kilo|Down Home Band|Down Lo|Down South Players|The Down South Players|Down to Nothing|Down to the Bone|Down with Webster|Downhere|Downlink|Downset.|Downstait|Downthesun|Downtown Boys|The Downtown Fiction|Dowty Ebi|DOXA|Doyan Chowdhury|Doyle|Doyle Bramhall|Doyle Bramhall II|Doyle Holly|Doyle Lawson|Doyle Lawson & Quicksilver|DOYOUNG|DPB|DPGC|DPR LIVE|Dr Didg|Dr Phunk|Dr Z|Dr.|Dr. Acula|