Lange|Lange Frans|Langhorne Slim|Langhorne Slim & the Law|Langley Schools Music Project|Langston George|Langston Hugg|Langston Hughes|Lani Hall|Lanie Mcauley|Lanier & Co.|Lanier And Company|Lanier McKuhen|Lanny Cordola|Lansdowne|Lanse Hapshash|LANY|Lanz|Lao Che|Lao Tizer|Lapalux|LaPetra McMoore|Lapiz Conciente|Lápiz Conciente|Låpsley|Laquan|Lar Park Lincoln|Lara|Lara Downes|Lara Fabian|Lara Flynn|Lara Flynn Boyle|Lara Hudson|Lara Landon|Lara McAllen|Lara St. John|Lara Veronin|Laraaji|Laraine Day|Larceny|Lareau|Laree Williams|Larenz Tate|Large Professor|Lari White|Laritza Bacallao|Larkin Grimm|Larkin Poe|The Larks|The Larks|