Cobra Red|Cobra Starship|Coby Bell|Coby Dick|Coby Linder|COC|Coc|Cocaine 80s|Cocco|Cochemea Gastelum|Cochise|Cock Robin|CoCo and the Butterfields|Coco Band|CoCo Brother|Coco Brown|Coco Jones|CoCo Lee|Coco Lee|Coco McQueen|Coco Montoya|Coco Star|Cocoa Brovaz|Cocoa Tea|Cocoband|Coconut Records|Cocoon|Cocoon|Cocoon|CocoRosie|Cocteau Twins|Coda|Code 3|Code Blue Posse|Code MD|Code of Ethics|Code Orange|Code Orange Kids|Code Red|Code-V|Codeine|Codeine Velvet Club|Codie Prevost|Código FN|Cody Anderson|Cody Belew|Cody Bonnette|Cody Braun|Cody Canada|Cody Canada And The Departed|