Lance Dickerson|Lance Donnelly|Lance Ellington|Lance Fent|Lance Ferguson|Lance Finnie|Lance Guest|Lance Henriksen|Lance Henriksen/Steven Pasquale|Lance Hoppen|Lance Miller|Lance Nelson|Lance Rhodes|Lance Sabin|Lance Skiiiwalker|Lance Skiiwalker|Lance Strode|Lance Webb|Lancelot Hall|LANco|Land of Talk|Land of the Heartless|Land Phil|Land Shark|Landa Henriquez|Landau Eugene Murphy Jr.|Landau Eugene Murphy, Jr.|Landis|Lando|Landon|Landon Austin|Landon Ginnings|Landon Hedges|Landon McNamara|Landon McNamara|Landon Pigg|LandPhil|Landry Cantrell|Landsholdet|Landy McNeal|Lane Brody|Lane Brothers|Lane Caudell|Lane McCray|Lane Turner|LaNesha Renee|Laney Hicks|Laney Smallwood|Lang Lang|Lang Scott|