John Gomez|John Gonçalves|John Goodison|John Goodman|John Gordon|John Gorka|John Gorman|John Gosling|John Got'ti|John Graham|John Grant|John Gray|John Gredal|John Greek|John Greely|John Green|John Gregory|John Griffith|John Grimaldi|John Grimes|John Guldberg|John Gustafson|John Gutenberger|John Hall|John Hall|The John Hall Band|John Hamm|John Hamm/Elisabeth Moss|John Hammond|John Hammond, Jr.|John Hampson|John Handy|John Harris|John Hartford|John Hartman|John Hassall|John Haughm|John Hawken|John Hawkes|John Haymes Newton/Stacy Haiduk|John Heames|John Heard|John Helliwell|John Henderson|John Hendy|John Henry|John Henry Jones|John Hermann|John Hermanson|John Herndon|