Corey Feldman|Corey Feldman/Jamison Newlander|Corey Glover|Corey Haim|Corey Harris|Corey Hart|Corey Kent White|Corey La Quay|Corey Lowery|Corey Parks|Corey Paul|Corey Pieper|Corey Pierce|Corey Rozzoni|Corey Smith|Corey Stevens|Corey Taylor|Corey Voss|Corey Warning|Corey Webb|Cori B|Corin Roddick|Corin Tucker|Corina|Corina|Corinna Harney|Corinne Bailey Rae|Corinne Drewery|Corinthian "Kripp" Johnson|Corinthian's Temple C.O.G.I.C. Choir|Corkey Sauls|Corky Laing|Corley Randolph|Cormac Neeson|Cormano|Cormega|Cornbread & Biscuits|Cornbread Compton|Corneille|Cornel West|Cornel Wilde|Cornelia Moonswalder|Cornelio Reyna|Cornelio Vega|Cornelio Vega y Su Dinastia|Cornelius|Cornelius Brothers & Sister Rose|Cornelius Bumpus|Cornelius Harp|Cornelius Meister|