Paul Main Project|Paul Mann|Paul Mantee|Paul Maroon|Paul Marsh|Paul Marshall|Paul Martin|Paul Martin Layton|Paul Masselli|Paul Masvidal|Paul Mauriat|Paul Mauriat & His Orchestra|Paul Mauriat And His Orchestra|Paul Mazurkiewicz|Paul McCandless|Paul McCartney|Paul McCartney & Wings|Paul McCartney And Wings|Paul McCoy|Paul McCreesh|Paul McDonald|Paul McGeechan|Paul McGuigan|Paul Mealor|Paul Meany|Paul Menotiades|Paul Mercurio|Paul Mertens|Paul Meyer|Paul Michael Glaser|Paul Michiels|Paul Mitchell|Paul Mones|Paul Mooney|Paul Morgan|Paul Morley|Paul Morris|Paul Motian|Paul Muldoon|Paul Mullen|Paul Mulreany|Paul Murphy|Paul Nash|Paul Neubauer|Paul Newman|Paul Newman/Robert Redford|Paul Newton|Paul Nicholas|Paul Nichols|Paul Nieder|