Yann Tiersen|Yanni|Yannick|Yannick Nezet-Seguin|Yannick Noah|Yannis Philippakis|Yano|Yanou|Yao Chen, Lin Gengxin|Yappy You & The Prophets|Yara Shahidi|Yarbrough & Peoples|The Yardbirds|Yardi Don|Yardley Griffin|Yasha|Yashira Guidini|Yasmeen|Yasmin|Yasmin Levy|Yasmine|Yasmine|Yasmine Hamdan|Yasmine Yamajako|Yasuha Kominami|Yasuna To Sonya(Chinatsu Akasaki & Mutsumi Tamura)|Yasuno|Yasunori Takada|Yasutaka Nakata|Yasuyuki Okamura|Yavahn|Yaves|Yaviah|Yavis|The Yawpers|Yaysh|Yaz|Yaz|Yaz|Yazaira|Yazid Benitez|Yazz|Yazz (dupe 1)|YB|YBS Skola|YC|YC the Cynic|Ycare|YCEE|YDG (Feat. Dynamic Duo, Crush)|