Mario Duplantier|Mario E. Ortiz|Mario Fischetti|Mario Frangoulis|Mario Jose|Mario Lang|Mario Lanza|Mario Lavezzi|Mario Mantese|Mario Mendoza|Mario Minardi|Mario Moreno|Mario Moreno Quintero|Mario Ochoa|Mario Ortiz|Mario Ortiz All Star Band|Mario Otero|Mario Pelchat|Mario Pelchat & Les Pretres|Mario Pelchat Avec Jireh Gospel Choir|Mario Pintor|Mario Pui|Mario Quintero|Mario Quintero Lara|Mario Rey|Mario Rubalcaba|Mario Sandoval|Mario Siperman|Mario Van Peebles|Mario Vazquez|Mario VI|Mario Winans|Mario Zeffiri|Marion|Marion Cotillard|Marion Hayden|Marion Meadows|Marion Raven|Marion Ravin|Marion Worth|Maripat|Marisa DeFranco|Marisa Martelli|Marisa Monte|Marisa Monte/Brown/Antunes...|Marisa Paredes|Marisa Tomei|Marisa Turner|Marisela|Marisela Verena|