Kori Gardner|Koriass|Korn|Korn Featuring Corey Taylor|Kornell Hargrove|Korona|Korpiklaani|Korpiklaani|Korr-A|Kortney & Dave|Kortney Kayle|Kory Bard|Kory Caudill|Kory Clarke|Kory Knipp|Koryn Hawthorne|Kos|Kosha Dillz|Kosheen|Koshi Inaba|Kosho|Kosplay|Kossak|Kostas Karafotis|Kostas Leivadas|Kostas Livadas|Kostas Makedonas|Kostas Martakis|Kotitellisuus|Kotoko|KOTOKO×ALTIMA|Kotomi Maki|Kottonmouth Kings|Kou Shibasaki|Kourtney Kelly|Kousuke Atari|Kouya Nitta|Kovacs|Kovacs|Kovas|Kowadiz|Koxie|Koyote|Koza Mostra|KP Fitz|KQRS Morning Crew|KR|Kra|Kraak & Smaak|Kraantje Pappie|