Alton McClain|Alton McClain & Destiny|Altz|Alun Francis|Aluna|AlunaGeorge|Alvara2 de La Sierra|Alvaro|Álvaro Díaz|Alvaro Diez|Alvaro Estrella|Álvaro Fuentes|Alvaro Pava|Alvaro Soler|Alvaro Torres|Alvin|Alvin|Alvin & the Chipmunks|Alvin And The Chipmunks|Alvin Cash|Alvin Cash & the Crawlers|Alvin Cash & The Registers|Alvin Chea|Alvin Clayton Pope|Alvin Crow|Alvin Darling|Alvin Darling & Celebration|Alvin Ewen|Alvin Hayes|Alvin Lee|Alvin Lee|Alvin Patterson|Alvin Pazant|Alvin Risk|Alvin Robinson|Alvin Slaughter|Alvin Youngblood Hart|Alvino Bennett|Alvis Moorer|Alvvays|Alx Veliz|ALX Villarreal|Aly|Aly|Aly & AJ|Aly Bain|Aly-Us|Alycia Cooper|Alyrio Lima|Alysa Bracquel|