Bobby Stampley|Bobby Steele|Bobby Stewart|Bobby Stignac|Bobby Swain|Bobby Tak|Bobby Taylor & the Vancouvers|Bobby Thompson|Bobby Thompson|Bobby Thurston|Bobby Timmons|Bobby Trinity|Bobby V|Bobby Valentín|Bobby Valentino|Bobby Vee|Bobby Vee & The Shadows|Bobby Vee & the Strangers|Bobby Vena|Bobby Vidales|Bobby Vinton|Bobby Washington|Bobby Watson|Bobby Watson|Bobby Watson & Horizon|Bobby Wayne Loftis|Bobby Whitfield|Bobby Whitlock|Bobby Williams|Bobby Wills|Bobby Wilson|Bobby Winkelman|Bobby Womack|Bobby Womack|Bobby Womack & Peace|Bobby Wood|Bobby Woods|Bobby Wright|Bobby Youngblood|Bobbyblue|Bobcat|Bobcat Goldthwait|Bobermann|BOBI|Bobi Céspedes|Bobo Stenson|Bobo Stenson Trio|Boby Franklin|Bodan Shonen Dan|BoDeans|