Kitao Kazuhito|Kitaro|Kitchens of Distinction|Kito & Reija Lee|Kitten|Kittie|Kitty|Kitty & The Haywoods|Kitty Cleveland|Kitty Durham|Kitty Kallen|Kitty Wells|Kitty, Daisy & Lewis|Kittyhawk|Kiuldret|Kiwi Dreams|Kiwi Dreams Featuring Darrell Martin|Kiwi Dreams Vs. Hard Attack|Kix|Kix Brooks|Kiya Heartwood|Kiyana|Kiyoharu|Kiyohiko Ozaki|Kiyoshi Hikawa|Kiyoshi Kitagawa|Kiyoshi Maekawa|Kiyoshiro Imawano|Kizzy Rock|KJ Rose|KJ Scriven|KJ Thorarinsson|KJ-52|Kjartan Sveinsson|Kjell Runar Jenssen|Kjettar|KK|Klaas|Klaas Janzoons|Klaasje Van der Wal|Klaatu|Klangkarussell|Klangkuenstler|Klara Söderberg|KlarKent|Klas Åhlund|Klas Bergwall|Klas Rydberg|Klasico|Klass|