Ryan Tapert|Ryan Tedder|Ryan Tilby|Ryan Toby|Ryan Truesdell|Ryan Tyler|Ryan Upchurch|Ryan Vandeberghe|Ryan Vanderhoof|Ryan Vikedal|Ryan Wallengren|Ryan Waste|Ryan Wombacher|Ryan Yerdon|Ryan Zamo|Ryan Zhu|Ryan Zhu|Ryan Zhu|Ryan Zimmerman|Ryan Zoidis|Ryan Zwiefelhofer|RyanDan|RydazNRtis|Rydaznrtist|Ryder Lee|Ryder Robison|Rydyr|Rye Rye|Ryeland|Ryeowook|Rykka|Ryknow|Ryland Adams|Ryland Angel|Ryland Blackinton|Ryland Raus|Ryland Steen|Ryley Walker|Ryman|Rymz|Ryn Weaver|Ryne Estwing|Ryo|Ryo Ishibashi|Ryo Kamomiya|Ryo Miyamori|Ryo Nagano|Ryo Okumoto|Ryo Sakurai (Nobunaga Shimazaki)|Ryo San|