Samantha Jade|Samantha James|Samantha Landrum|Samantha Maloney|Samantha Mathis|Samantha McClymont|Samantha Morton/Djimon Hounsou|Samantha Mumba|Samantha Parton|Samantha Sang|Samantha Siva|Samba la Casa|Sambo|Samboa|SamBoii|Sambomaster|Sambow|The Same Difference|Sameer Bhattacharya|Samestate|Sami Hedberg|Sami Jo|Sami Jo Cole|Sami Karppinen|Sami Koivikko|Sami Lehtinen|Sami Lopakka|Sami Osala|Sami Sirvio|Sami Tenetz|Sami Vänskä|Samiam|Samim|Samin|Samir|Samir & Viktor|SAMM|Sammi Cheng|Sammi Cheng|Sammi Curr|Sammi Davis|Sammi Hanratty/Annabeth Gish|Sammi Smith|Sammie|Sammus|Sammy Adams|Sammy Adkins|Sammy Allred|Sammy And The Wabos|Sammy D|