Daichi Miura|Daikoku Danji|Dailey & Vincent|Daily Plannet|Daiquiri|Dairoku Seki|Daisey|Daisuke|Daisuke Horinouchi|Daisuke Kawakami|Daisuke Kitagawa|Daisuke Matsuzaka|Daisuke Ono|Daisy|Daisy|Daisy|Daisy Berkowitz|Daisy Dares You|Daisy Dee|Daisy Dern|Daisy Duck|Daisy Durham|Daisy Martey|Daisy Sugarman|Daíthí Sproule|Daiyan Trisha|Daize|Daja|Dajae|Dak|Dak Goodman|Dakoda Motor Co.|Dakota|Dakota Bradley|Dakota Fanning|Dakota Moon|Dakrash|Dal Niente|Dal Perkins|Dal Shabet|Dal Winslow|Dal*shabet|Dal*shabet|Dala|Dalal|Dalbello|Dale|Dale & Grace|Dale Anthony|Dale Bozzio|