George Clooney/Matt Damon|George Clooney/Quentin Tarantino|George Clooney/Renee Zellweger|George Clooney/Tom Wilkinson|George Coleman|George Coleman, Jr.|George Colligan|George Craig|George Cummings|George Dalaras|George Daly|George Daly|George Davies|George Davis|George Deffet|George Delgado|George Dominguez|George Donaldson|George Donaldson|George Donoso III|George Ducas|George Duke|George Evelyn|George Ezra|George Fenton|George Fischoff|George Fisher|George Fitzgerald|George Ford|George Foreman|George Foster|George Fox|George Frayne|George Freeman|George Gabriel|George Gainer|George Galfo|George Gaynes|George Gershwin|George Glover|George Grantham|George Grove|George Hamilton IV|George Hamilton V|George Hanson|George Harris|George Harrison|George Harrison|George Harrison And Friends|George Hawkins|