David Rush|David Russell|David Russell Baptiste|David Russo|David Ryan|David Ryan Strauchman|David Sabatino|David Sanborn|David Sanchez|David Sandström|David Sanger|David Satori|David Saylor Y Miriam Fultz|David Schallock|David Schelzel|David Schmitt|David Schuler|David Schwartz|David Schwimmer|David Schwimmer/Mili Avital|David Scott|David Sea|David Sellar|David Servin|David Seville|David Seville & The Chipmunks|David Shapiro|David Shaver|David Shaw|David Shelby|David Shifrin|David Sikes|David Silveria|David Simmons|David Simmys|David Skinner|David Skirving|David Slater|David Smith|David Soloway|David Soul|David Soul/James Mason|David Spade|David Speegle|David St. Etienne|David St. Hubbins|David St. Romain|David Stead|David Steele|David Stoltenberg|