Wavves|Wax|Wax|Wax|Wax|Wax|Wax (dupe 1)|Wax (dupe 2)|wAx (dupe 3)|Wax Doctor|Wax Motif|Wax Poetic|Wax Tailor|Waxahatchee|Way 2 Real|Way Of The West|Way Out West|The Waybacks|Wayburn Dean|Waycross|Wayland|Wayland|Waylin Carpenter|Waylon|Waylon Jennings|Waylon Jennings & Willie Nelson|Waylon Krieger|Waylon Reavis|Wayman Tisdale|Waymon Boone|Waymore Blues Band|Wayna|Wayne|Wayne & Woods|Wayne Armstrong|Wayne Benson|Wayne Bergeron|Wayne Binitie|Wayne Boyer|Wayne Brady|Wayne Carson|Wayne Cooper|Wayne Coyne|Wayne Delisle|Wayne Enos|Wayne Evans|Wayne Famous|Wayne Fontana|Wayne Fontana & The Mindbenders|Wayne Fontana and the Mindbenders|