Iris DeMent|Iris Kroes|Iris Larratt|Iris Van Straten|Iriscience|Irish & Celtic Folk Wanderers|Irish All-Stars|Irish Ceili Band & Singers|Irish Ceilidh Band|The Irish Experience|The Irish Rovers|Irish Tenors|Irisneyda|Irlanda Rubi|Irma|Irma Thomas|Irmin Schmidt|IRO|IroCc Williams|Iron|Iron & Wine|Iron And Wine|Iron Bell Music|Iron Bell Music|Iron Bell Music (dupe 1)|Iron Boo|Iron Butterfly|Iron Chic|Iron Eyes Cody|Iron Horse|Iron Horse|Iron Maiden|Iron Reagan|Ironhorse|Ironik|IRS|Irv Gotti|Irvin Blais|Irvin Jarrett|Irvin Mayfield|Irving Berlin|Irving Casanova|Irwin Mayfield|Irwin Sparkes|ISA|Isaac "Redd" Holt|Isaac 2 Isaac|Isaac Brock|Isaac Brown & Gang|Isaac Carpenter|