Willi One Blood|William "Poogie" Hart|William "Wee Gee" Howard|William "wiL" Francis|William (Dicey) Galloway|William Ackerman|William Anderson|William Aura|William Aura & Friends|William Baldé|William Baldwin|William Basinski|William Beckett|William Becton|William Becton & Friends|William Becton And Friends|William Bell|William Bell|William Blakely|William Boggs|William Bootsy Collins|William Brown|William Butler|William Campbell|William Campbell/Rob Estes|William Cannon|William Carruthers|William Cartwright|William Celis|William Chan|William Christie|William Clark Green|William Control|William DaFoe|William Dazeley|William De Vaughn|William Demps|William Dempsey|William Deslauriers|William Devase|William DeVaughn|William Dutton|William DuVall|William Eaton|William Eggleston|William Elliott Whitmore|William Fichtner/Eddie Cibrian|William Fitzsimmons|William Gali|William Gardner|