Justin Jarvis|Justin Jay|Justin Jennings|Justin Jesso|Justin Johnson|Justin Johnson|Justin K|Justin K. Broadrick|Justin Kauflin|Justin Lanning|Justin Lanning|Justin Lo|Justin Long|Justin Long/Blake Lively|Justin Longshore|Justin Marler|Justin Martin|Justin Mauriello|Justin Michael|Justin Michael|Justin Mondschein|Justin Moore|Justin Moore|Justin Moore|Justin Morrell|Justin Muir|Justin Mylo|Justin Neuhardt|Justin Nozuka|Justin Nozuka|Justin Ortiz|Justin Paling|Justin Panno|Justin Pasquale|Justin Pedrick|Justin Perkins|Justin Peroff|Justin Pierre|Justin Prime|Justin Quiles|Justin Rice|Justin Rimer|Justin Ringle|Justin Robert Young|Justin Roberts|Justin Roberts|Justin Robinson|Justin Roelofs|Justin Roiland|Justin Roman|