Shift K3Y|Shifta|Shifted|Shifty|Shifty Shellshock|Shige|Shigemi Komiyama|Shigeto|Shiggy Jr.|Shihad|Shiho Nanba|Shiina Natsukawa|Shikao Suga|Shiloh|Shiloh|Shiloh Nauvoo|Shilpa Rao|Shilts|Shim Eun Kyung, Rose Motel|Shimon Moore|Shin|Shin|Shin|Shin Bo Ra|Shin Hae Sung|Shin Hyesung×Shunsuke Kiyokiba|Shin Hyo Bum|Shin J|Shin Ji Soo|Shin Koda|Shin Seung-Hun|Shin Yong Jae (of 4MEN)|Shin Yong Jae (of 4MEN) (Feat.one peace)|Shin Yu|The Shindogs|Shindong|Shindy|Shine|Shine Bright Baby|Shinebright|Shinedown|Shinee|Shinehead|Shingai Shoniwa|SHINHWA|Shinichi Kato|Shinji|Shinji Tanimura×Tatsuya Ishii|Shinjiro Atae|Shinobu Ito|