Cory Lee|Cory Lerios|Cory McCullough|Cory Monteith|Cory Morrow|Cory Murchy|Cory Smythe|Cory Wade|Cory Watson|Cory Wells|Cory White|Cory Williams|COS|COSA NOSTRA|Cosculluela|Cosi Costi|Cosima|Cosmetic With Jamaaladeen Tacuma|Cosmic Baby|Cosmic Gate|Cosmic Girls|Cosmic Slop Shop|Cosmin TRG|Cosmo Klein|Cosmopolitan Church of Prayer with Dr. C.G. Hayes|COSMOS|Costa Brava|Costa Brava de Puerto Rico|Costaki Econompopoulos|Costas Mandylor|Costi|Costumbre|Coti|Cotton|Cotton Mather|Cotton, Lloyd & Christian|Coucheron|Couchois|Cough|Coughee Brothaz|Council Gay|Count Basie|Count Basie Orchestra With Frank Foster|Count Basie With The Alan Copeland Singers|Count Coolout|Count Dubulah|Count Five|The Count Five|Countdown Dance Masters|The Countdown Kids|