Hoobastank|Hood|The Hood|Hood Celebrityy|The Hood Internet|Hoodcelebrityy|Hoodie Allen|Hoodlegend The Underboss|Hoodoo Gurus|Hoodratz|Hoodrich Pablo Juan|Hoodrich Pablo Juan & Migos|Hoodstarz|Hoody|Hook Ghoti|Hook N Sligh|Hook N Sling|The Hook Up|Hooligan|Hoon|The Hoopers|Hoops|Hooray for Earth|The Hoosiers|Hoot Hester|Hooters|The Hooters|Hootie & the Blowfish|Hooverphonic|Hop Along|Hope|Hope (dupe 1)|Hope 7|Hope Chapel|Hope Davis|Hope Feat. Jason Mraz|Hope Fellowship|Hope for the Dying|Hope Murphy|Hope Partlow|Hope Sandoval|Hope Sandoval & The Warm Inventions|Hope Sandoval & the Warm Inventions|Hopesfall|Hopeton Lewis|HOPP|The Hoppers|Hopsin|Horace Andy|Horace Brown|