Sly & the Family Stone|Sly And Robbie|Sly Boogy|Sly Dunbar|Sly Fam|Sly Fox|Sly Kat|Sly Pyper|Sly Stone|Sly5thAve|Slyfox|Slymenstra Hymen|Slyngshott|SM SH|SM-Trax|Smack|Smag Pa P3|Small Black|Small Change|Small Faces|Small Sins|Small Time Giants|Small Town Pistols|Small Town Sleeper|Small Voices Calling|Smallpools|Smalltown Poets|SMAP|Smart E's|SMASH Cast|Smash Mouth|Smashing Pumpkins|Smashing Satellites|Smashproof|SMFH|Smidley|Smif-N-Wessun|Smile Empty Soul|Smiley|Smilez & Southstar|Smilin' Jay McDowell|Smino|Smith|Smith|Smith & Mighty|Smith & Myers|Smith &amp; Wesley|Smith Connection|The Smith Street Band|Smith Westerns|