Sandro|Sandro Cavazza|Sandro Silva|Sandro Silva & Quintino|Sandstorm|Sandy|Sandy|Sandy|Sandy "Pepa" Denton|Sandy B|Sandy Billups|Sandy Croft|Sandy Duperval|Sandy Ellwanger|Sandy Gennaro|Sandy Lam|Sandy Lam|Sandy Lee Cherryholmes|Sandy MacKinnon|Sandy Mason|Sandy Mercer|Sandy Nelson|Sandy Newman|Sandy Person|Sandy Posey|Sandy Reyes|Sandy Rivera|Sandy Rivera & Haze|Sandy Slavin|Sandy Smallens|Sandy Stewart|Sandy Toder|Sandy Wyatt|Sandy Yaguda|Saned|Sanford & Townsend|Sanford And Townsend|Sanford Sylvan|The Sanford-Townsend Band|Sangatsu no Phantasia|Sangfugla|Sango|Sangre Felina|Sanjay K|Sanjin|Sanjiv|Sanjoy|Sanjuro|SanLuis|Sanluis|