Todd Olsen|Todd Painter|Todd Park Mohr|Todd Pipes|Todd Poole|Todd Potter|Todd Rhodes|Todd Roper|Todd Ross|Todd Rundgren|Todd Sansom|Todd Sheaffer|Todd Sickafoose|Todd Smallie|Todd Smith|Todd Snider|Todd Spahr|Todd Strange|Todd Sucherman|Todd Terje|Todd Terry|Todd Terry All Stars|Todd Terry Allstars|The Todd Terry Project|Todd Terry Project|Todd Trainer|Todd Watts|Todd Wehrle|Todd Weinstock|Todd Whitener|Todd Wilkinson|Todd Williams|Todorov|Todos|Todrick Hall|Toe|Toe|Tofubeats|tofubeats Feat. Chisato Moritaka|tofubeats Feat. Dream Ami|Together?|Togeworl|Toh Kay|Toheart|Toho Shinki|Tohoshinki|Tokafun|Token|The Tokens|Tokens/Kirby Stone Four|