Susan Ledford|Susan Lucci|Susan Marshall|Susan Moonsie|Susan Morabito|Susan Oliver|Susan Ottaviano|Susan Powter|Susan Raye|Susan Sarandon|Susan Sarandon/Geena Davis|Susan Sarandon/Natalie Portman|Susan St. Marie|Susan Taylor|Susan Tedeschi|Susan Voelz|Susan Ward|Susana|Susana Baca|Susanna|Susanna Hoffs|Susanna Spicer|Susanna Wallumrod|Susanna Watson|Susannah McCorkle|Susanne Freytag|Susanne Resmark|Susanne Sulley|Susanne Sundfor|Susanne Sundfør|Susaye Greene|Sushil Dade|Sushy|Susi Beatty|Susie Allanson|Susie Arioli|Susie Arioli Band|Susie Brading|Susie Brown|Susie Davis|Susie Lampert|Susie Luchsinger|Susie Suh|Suspekt|Sussex House|Sussy Leman|Susto|SuSu Bobien|Susu Pampanin|Susy Gonzales|