Casey Lee Williams|Casey McPherson|Casey Orr|Casey Pollock|Casey Prestwood|Casey Royer|Casey Siemaszko|Casey Sonoban|Casey Spencer|Casey Spooner|Casey Stratton|Casey Tennis|Casey Van Beek|Casey Veggies|Casey Walker|Casey Wescott|Casey Weston|Cash & Computa|Cash Cash|Cash Colligan|Cash Hollistah|Cash Kola|Cash McCall|Cash Money|Cash Money & Marvelous|Cash Money Millionaires|Casha|Cashman & West|Cashmere|Cashmere Cat|Cashy|Casilda|Casino|Casino Madrid|Casino Steel|Casino Versus Japan|Casinos|The Casinos|Casiokid|CASKER|The Casket Lottery|Caskey|The Caslons|Caspa|Casper|Casper|Casper (dupe 1)|Casper Adams|Casper Christensen|Casper Clausen|