Kacey Coppola|Kacey Jones|Kacey Musgraves|Kacey Walker|Kaci|Kaci Battaglia|Kaci Brown|Kacy & Clayton|Kacy Hill|Kadavar|Kaddisfly|Kadebostany|Kadeem Hardison|Kadoc|Kae Lou|Kae Williams, Jr.|Kaede Takagaki(Saori Hayami)|Kaela Freeman|Kaela Kimura|KaelumWay|Kaera Kimura|Kafani|Kafu Banton|Kage|Kago Pengchi|Kah-Lo|Kah-Ming Ng|Kaho Mizutani|Kai|Kai (dupe 1)|Kai (dupe 2)|Kai Dodson|Kai Engel|Kai Exos|Kai Fish|Kai Hansen|Kai Lemke|Kai Smith|Kai Stephens|Kai Winding & Orchestra|Kaia Fischer|KAiiA|Kaija Koo|Kailash Kher|Kailash Kher & Kailasa|Kaïn|Kain|Kain Cioffie|Kaine|Kairo|