Avant|Avant Garde|The Avant-Garde|Avantasia|Avante|Avantgarde|Avatar|Avatar|AVB|Ave Dee|Avec Pas d'Casque|The Avener|Avenged Sevenfold|avengers in sci-fi|Aventura|Aventura Duranguense|Avenue|Avenue Blue|Avenue D|Average White Band|The Average White Band|Averi|Aversions Crown|Avery Brooks/Nana Visitor|Avery Storm|Avery Sunshine|Avery Wilson|Avery*Sunshine|The Avett Brothers|Avey Tare|Avey Tare's Slasher Flicks|Avi Avital|Avi Buffalo|Aviator|Avicci|Avicii|Avila|Avioes do Forro|Avion|Avion|Avion|Avishai Cohen|Avishai Cohen|Avishai Cohen Trio|Aviv Geffen|Avizo|Avraham Fried|Avriel & The Sequoias|Avril Lavigne|Avry|