Ivy Queen|The Ivy Three|Iwan Griffiths|Iwan Rheon|Iwan Rheon|IWATSW|Iwrestledabearonce|IX|Iya Terra|Iyanla Van Zant|Iyanla Vanzant|Iyaz|Iyaz (dupe 1)|IYGMC|Iz Real|IZ Reel Soul|Iza Lach|Izabella Miko/Columbus Short|Izi|Izintaba|Izora Armstead|Izora Redman-Armstead|Izora Rhodes|Izza Kizza|Izze|Izzy|Izzy|Izzy|Izzy Bizu|Izzy Chill|Izzy Gallegos|Izzy Stradlin|Izzy Stradlin & the Ju Ju Hounds|Izzy Stradlin And The Ju Ju Hounds|Izzy Stradlin/The Ju Ju Hounds|